  {
	"crops": {
		"0000": {
			"cropParams": {
				"species": ["include-from-file", "projects/soybean-EU/soybean.json"],
				"cultivar": {
					"=": ["include-from-file", "crops/soybean/000.json"],
					"StageTemperatureSum":[  
						[  
						  100,
						  50,
						  300,
						  220,
						  280,
						  740,
						  25
						],
						"°C d"
					  ],
					  "DaylengthRequirement":[  
						[  
						  0,
						  -14,
						  -14,
						  -14,
						  -14,
						  -14,
						  0
						],
						"h"
					  ],
					  "BaseDaylength":[  
						[  
						  0,
						  -22,
						  -22,
						  -22,
						  -22,
						  -22,
						  0
						],
						"h"
					  ],
					  "MaxAssimilationRate":28,
					  "CropSpecificMaxRootingDepth":0.6,
					  "AssimilatePartitioningCoeff":[  
						[  
						  0.59999999999999998,
						  0.29999999999999999,
						  0.10000000000000001,
						  0
						],
						[  
						  0.55000000000000004,
						  0.29999999999999999,
						  0.14999999999999999,
						  0
						],
						[  
						  0.20000000000000001,
						  0.20000000000000001,
						  0.59999999999999998,
						  0
						],
						[  
						  0,
						  0.37,
						  0.59999999999999998,
						  0.029999999999999999
						],
						[  
						  0,
						  0.25,
						  0.25,
						  0.5
						],
						[  
						  0,
						  0,
						  0,
						  1
						],
						[  
						  0,
						  0,
						  0,
						  1
						]
					  ],
					  "OrganIdsForPrimaryYield":[  
						{  
						  "organId":4,
						  "type":"YieldComponent",
						  "yieldDryMatter":0.85999999999999999,
						  "yieldPercentage":0.79
						}
					  ],
					  "SpecificLeafArea":[  
						[  
						  0.0028,
						  0.0028,
						  0.0026,
						  0.0018,
						  0.0016,
						  0.0016,
						  0.0016
						],
						"ha kg-1"
					  ],
					  "OrganSenescenceRate":[  
						[  
						  0,
						  0,
						  0,
						  0
						],
						[  
						  0,
						  0,
						  0,
						  0
						],
						[  
						  0,
						  0,
						  0,
						  0
						],
						[  
						  0,
						  0,
						  0,
						  0
						],
						[  
						  0,
						  0.03,
						  0,
						  0
						],
						[  
						  0,
						  0.05,
						  0.05,
						  0
						],
						[  
						  0,
						  0.05,
						  0.05,
						  0
						]
					  ]
				}
			},
			"residueParams": ["include-from-file", "crop-residues/soybean.json"]
		},
		"000": {
			"cropParams": {
				"species": ["include-from-file", "projects/soybean-EU/soybean.json"],
				"cultivar": {
					"=": ["include-from-file", "crops/soybean/000.json"],
					"StageTemperatureSum":[  
						[  
						  100,
						  50,
						  350,
						  220,
						  320,
						  820,
						  25
						],
						"°C d"
					  ],
					  "DaylengthRequirement":[  
						[  
						  0,
						  -13.7,
						  -13.7,
						  -13.7,
						  -13.7,
						  -13.7,
						  0
						],
						"h"
					  ],
					  "BaseDaylength":[  
						[  
						  0,
						  -21.7,
						  -21.7,
						  -21.7,
						  -21.7,
						  -21.7,
						  0
						],
						"h"
					  ],
					  "MaxAssimilationRate":28,
					  "CropSpecificMaxRootingDepth":1,
					  "AssimilatePartitioningCoeff":[  
						[  
						  0.59999999999999998,
						  0.29999999999999999,
						  0.10000000000000001,
						  0
						],
						[  
						  0.55000000000000004,
						  0.29999999999999999,
						  0.14999999999999999,
						  0
						],
						[  
						  0.20000000000000001,
						  0.20000000000000001,
						  0.59999999999999998,
						  0
						],
						[  
						  0,
						  0.37,
						  0.59999999999999998,
						  0.029999999999999999
						],
						[  
						  0,
						  0.25,
						  0.25,
						  0.5
						],
						[  
						  0,
						  0,
						  0,
						  1
						],
						[  
						  0,
						  0,
						  0,
						  1
						]
					  ],
					  "OrganIdsForPrimaryYield":[  
						{  
						  "organId":4,
						  "type":"YieldComponent",
						  "yieldDryMatter":0.85999999999999999,
						  "yieldPercentage":0.79
						}
					  ],
					  "SpecificLeafArea":[  
						[  
						  0.0028,
						  0.0028,
						  0.0026,
						  0.002,
						  0.0018,
						  0.0018,
						  0.0018
						],
						"ha kg-1"
					  ],
					  "OrganSenescenceRate":[  
						[  
						  0,
						  0,
						  0,
						  0
						],
						[  
						  0,
						  0,
						  0,
						  0
						],
						[  
						  0,
						  0,
						  0,
						  0
						],
						[  
						  0,
						  0,
						  0,
						  0
						],
						[  
						  0,
						  0.05,
						  0,
						  0
						],
						[  
						  0,
						  0.075,
						  0.075,
						  0
						],
						[  
						  0,
						  0.075,
						  0.075,
						  0
						]
					  ]
				}
			},
			"residueParams": ["include-from-file", "crop-residues/soybean.json"]
		},
		"00": {
			"cropParams": {
				"species": ["include-from-file", "projects/soybean-EU/soybean.json"],
				"cultivar": {
					"=": ["include-from-file", "crops/soybean/00.json"],
					"StageTemperatureSum":[  
						[  
						  108,
						  50,
						  373,
						  230,
						  366,
						  939,
						  25
						],
						"°C d"
					  ],
					  "DaylengthRequirement":[  
						[  
						  0,
						  -13.4,
						  -13.4,
						  -13.4,
						  -13.4,
						  -13.4,
						  0
						],
						"h"
					  ],
					  "BaseDaylength":[  
						[  
						  0,
						  -20.3,
						  -20.3,
						  -20.3,
						  -20.3,
						  -20.3,
						  0
						],
						"h"
					  ],
					  "MaxAssimilationRate":28.7,
					  "CropSpecificMaxRootingDepth":1.1,
					  "AssimilatePartitioningCoeff":[  
						[  
						  0.59999999999999998,
						  0.29999999999999999,
						  0.10000000000000001,
						  0
						],
						[  
						  0.55000000000000004,
						  0.29999999999999999,
						  0.14999999999999999,
						  0
						],
						[  
						  0.20000000000000001,
						  0.20000000000000001,
						  0.59999999999999998,
						  0
						],
						[  
						  0,
						  0.37,
						  0.59999999999999998,
						  0.029999999999999999
						],
						[  
						  0,
						  0.2,
						  0.22,
						  0.58
						],
						[  
						  0,
						  0,
						  0,
						  1
						],
						[  
						  0,
						  0,
						  0,
						  1
						]
					  ],
					  "OrganIdsForPrimaryYield":[  
						{  
						  "organId":4,
						  "type":"YieldComponent",
						  "yieldDryMatter":0.85999999999999999,
						  "yieldPercentage":0.77
						}
					  ],
					  "SpecificLeafArea":[  
						[  
						  0.0028,
						  0.0028,
						  0.0026,
						  0.002,
						  0.0018,
						  0.0018,
						  0.0018
						],
						"ha kg-1"
					  ],
					  "OrganSenescenceRate":[  
						[  
						  0,
						  0,
						  0,
						  0
						],
						[  
						  0,
						  0,
						  0,
						  0
						],
						[  
						  0,
						  0,
						  0,
						  0
						],
						[  
						  0,
						  0,
						  0,
						  0
						],
						[  
						  0,
						  0.05,
						  0,
						  0
						],
						[  
						  0,
						  0.075,
						  0.075,
						  0
						],
						[  
						  0,
						  0.075,
						  0.075,
						  0
						]
					  ]
				}
			},
			"residueParams": ["include-from-file", "crop-residues/soybean.json"]
		},
		"0": {
			"cropParams": {
				"species": ["include-from-file", "projects/soybean-EU/soybean.json"],
				"cultivar": {
					"=": ["include-from-file", "crops/soybean/0.json"],
					"StageTemperatureSum":[  
						[  
						  117,
						  50,
						  396,
						  240,
						  412,
						  1058,
						  25
						],
						"°C d"
					  ],
					  "DaylengthRequirement":[  
						[  
						  0,
						  -13.1,
						  -13.1,
						  -13.1,
						  -13.1,
						  -13.1,
						  0
						],
						"h"
					  ],
					  "BaseDaylength":[  
						[  
						  0,
						  -19,
						  -19,
						  -19,
						  -19,
						  -19,
						  0
						],
						"h"
					  ],
					  "MaxAssimilationRate":29.3,
					  "CropSpecificMaxRootingDepth":1.1,